,round,accuracy,alpha,repetition,alpha_norm
0,0,0.0399,1,3,0.0
1,1,0.2032,1,3,0.0
2,2,0.3325,1,3,0.0
3,3,0.3986,1,3,0.0
4,4,0.436,1,3,0.0
5,5,0.4539,1,3,0.0
6,6,0.4716,1,3,0.0
7,7,0.4894,1,3,0.0
8,8,0.4981,1,3,0.0
9,9,0.5041,1,3,0.0
10,10,0.5077,1,3,0.0
11,11,0.5086,1,3,0.0
12,12,0.5081,1,3,0.0
13,13,0.5134,1,3,0.0
14,14,0.5107,1,3,0.0
15,15,0.5057,1,3,0.0
16,16,0.5076,1,3,0.0
17,17,0.5052,1,3,0.0
18,18,0.5043,1,3,0.0
19,19,0.5042,1,3,0.0
20,20,0.5007,1,3,0.0
21,21,0.4994,1,3,0.0
22,22,0.4973,1,3,0.0
23,23,0.4973,1,3,0.0
24,24,0.4958,1,3,0.0
25,25,0.4894,1,3,0.0
26,26,0.4934,1,3,0.0
27,27,0.4881,1,3,0.0
28,28,0.4832,1,3,0.0
29,29,0.487,1,3,0.0
30,30,0.487,1,3,0.0
31,31,0.4877,1,3,0.0
32,32,0.4856,1,3,0.0
33,33,0.4854,1,3,0.0
34,34,0.4788,1,3,0.0
35,35,0.4832,1,3,0.0
36,36,0.4794,1,3,0.0
37,37,0.4792,1,3,0.0
38,38,0.4802,1,3,0.0
39,39,0.4791,1,3,0.0
40,40,0.4757,1,3,0.0
0,0,0.0499,1,1,0.0
1,1,0.1337,1,1,0.0
2,2,0.3185,1,1,0.0
3,3,0.4025,1,1,0.0
4,4,0.4396,1,1,0.0
5,5,0.4594,1,1,0.0
6,6,0.4795,1,1,0.0
7,7,0.4873,1,1,0.0
8,8,0.4938,1,1,0.0
9,9,0.5002,1,1,0.0
10,10,0.5112,1,1,0.0
11,11,0.5075,1,1,0.0
12,12,0.508,1,1,0.0
13,13,0.5061,1,1,0.0
14,14,0.5061,1,1,0.0
15,15,0.5069,1,1,0.0
16,16,0.5073,1,1,0.0
17,17,0.5053,1,1,0.0
18,18,0.5043,1,1,0.0
19,19,0.5074,1,1,0.0
20,20,0.4957,1,1,0.0
21,21,0.4976,1,1,0.0
22,22,0.4939,1,1,0.0
23,23,0.4934,1,1,0.0
24,24,0.4924,1,1,0.0
25,25,0.4908,1,1,0.0
26,26,0.4869,1,1,0.0
27,27,0.4826,1,1,0.0
28,28,0.4816,1,1,0.0
29,29,0.483,1,1,0.0
30,30,0.4847,1,1,0.0
31,31,0.4796,1,1,0.0
32,32,0.4786,1,1,0.0
33,33,0.4785,1,1,0.0
34,34,0.4767,1,1,0.0
35,35,0.4826,1,1,0.0
36,36,0.477,1,1,0.0
37,37,0.4746,1,1,0.0
38,38,0.4729,1,1,0.0
39,39,0.4732,1,1,0.0
40,40,0.4707,1,1,0.0
0,0,0.0537,1000,7,3.0
1,1,0.1799,1000,7,3.0
2,2,0.34,1000,7,3.0
3,3,0.4002,1000,7,3.0
4,4,0.4356,1000,7,3.0
5,5,0.4563,1000,7,3.0
6,6,0.4678,1000,7,3.0
7,7,0.4822,1000,7,3.0
8,8,0.4873,1000,7,3.0
9,9,0.496,1000,7,3.0
10,10,0.5004,1000,7,3.0
11,11,0.5043,1000,7,3.0
12,12,0.5025,1000,7,3.0
13,13,0.5089,1000,7,3.0
14,14,0.5094,1000,7,3.0
15,15,0.5068,1000,7,3.0
16,16,0.5067,1000,7,3.0
17,17,0.5074,1000,7,3.0
18,18,0.5062,1000,7,3.0
19,19,0.4998,1000,7,3.0
20,20,0.501,1000,7,3.0
21,21,0.4988,1000,7,3.0
22,22,0.503,1000,7,3.0
23,23,0.4994,1000,7,3.0
24,24,0.4974,1000,7,3.0
25,25,0.4936,1000,7,3.0
26,26,0.4908,1000,7,3.0
27,27,0.4909,1000,7,3.0
28,28,0.4838,1000,7,3.0
29,29,0.4842,1000,7,3.0
30,30,0.4841,1000,7,3.0
31,31,0.481,1000,7,3.0
32,32,0.4802,1000,7,3.0
33,33,0.482,1000,7,3.0
34,34,0.4815,1000,7,3.0
35,35,0.4784,1000,7,3.0
36,36,0.4782,1000,7,3.0
37,37,0.4779,1000,7,3.0
38,38,0.4791,1000,7,3.0
39,39,0.4763,1000,7,3.0
40,40,0.4755,1000,7,3.0
0,0,0.0534,1000,8,3.0
1,1,0.203,1000,8,3.0
2,2,0.3397,1000,8,3.0
3,3,0.4148,1000,8,3.0
4,4,0.4464,1000,8,3.0
5,5,0.4771,1000,8,3.0
6,6,0.4907,1000,8,3.0
7,7,0.5017,1000,8,3.0
8,8,0.5055,1000,8,3.0
9,9,0.5103,1000,8,3.0
10,10,0.5157,1000,8,3.0
11,11,0.5132,1000,8,3.0
12,12,0.5086,1000,8,3.0
13,13,0.5094,1000,8,3.0
14,14,0.5141,1000,8,3.0
15,15,0.5011,1000,8,3.0
16,16,0.5038,1000,8,3.0
17,17,0.5074,1000,8,3.0
18,18,0.5008,1000,8,3.0
19,19,0.5037,1000,8,3.0
20,20,0.4948,1000,8,3.0
21,21,0.4915,1000,8,3.0
22,22,0.4888,1000,8,3.0
23,23,0.4878,1000,8,3.0
24,24,0.4833,1000,8,3.0
25,25,0.4864,1000,8,3.0
26,26,0.4779,1000,8,3.0
27,27,0.4855,1000,8,3.0
28,28,0.4803,1000,8,3.0
29,29,0.4816,1000,8,3.0
30,30,0.4786,1000,8,3.0
31,31,0.4726,1000,8,3.0
32,32,0.4755,1000,8,3.0
33,33,0.4722,1000,8,3.0
34,34,0.475,1000,8,3.0
35,35,0.4716,1000,8,3.0
36,36,0.472,1000,8,3.0
37,37,0.4706,1000,8,3.0
38,38,0.4685,1000,8,3.0
39,39,0.4694,1000,8,3.0
40,40,0.4689,1000,8,3.0
0,0,0.0501,1000,6,3.0
1,1,0.1725,1000,6,3.0
2,2,0.3423,1000,6,3.0
3,3,0.4021,1000,6,3.0
4,4,0.4403,1000,6,3.0
5,5,0.4626,1000,6,3.0
6,6,0.4831,1000,6,3.0
7,7,0.4989,1000,6,3.0
8,8,0.5083,1000,6,3.0
9,9,0.5105,1000,6,3.0
10,10,0.5163,1000,6,3.0
11,11,0.5186,1000,6,3.0
12,12,0.5174,1000,6,3.0
13,13,0.5205,1000,6,3.0
14,14,0.5125,1000,6,3.0
15,15,0.5154,1000,6,3.0
16,16,0.5139,1000,6,3.0
17,17,0.5116,1000,6,3.0
18,18,0.5063,1000,6,3.0
19,19,0.5065,1000,6,3.0
20,20,0.4991,1000,6,3.0
21,21,0.4982,1000,6,3.0
22,22,0.4973,1000,6,3.0
23,23,0.4968,1000,6,3.0
24,24,0.4968,1000,6,3.0
25,25,0.49,1000,6,3.0
26,26,0.4856,1000,6,3.0
27,27,0.4868,1000,6,3.0
28,28,0.4849,1000,6,3.0
29,29,0.4817,1000,6,3.0
30,30,0.4784,1000,6,3.0
31,31,0.4761,1000,6,3.0
32,32,0.479,1000,6,3.0
33,33,0.4798,1000,6,3.0
34,34,0.4749,1000,6,3.0
35,35,0.4744,1000,6,3.0
36,36,0.471,1000,6,3.0
37,37,0.4718,1000,6,3.0
38,38,0.4711,1000,6,3.0
39,39,0.469,1000,6,3.0
40,40,0.4697,1000,6,3.0
0,0,0.0618,1,6,0.0
1,1,0.1241,1,6,0.0
2,2,0.3135,1,6,0.0
3,3,0.4018,1,6,0.0
4,4,0.4453,1,6,0.0
5,5,0.4638,1,6,0.0
6,6,0.4822,1,6,0.0
7,7,0.4913,1,6,0.0
8,8,0.498,1,6,0.0
9,9,0.5003,1,6,0.0
10,10,0.5005,1,6,0.0
11,11,0.5053,1,6,0.0
12,12,0.5086,1,6,0.0
13,13,0.506,1,6,0.0
14,14,0.5069,1,6,0.0
15,15,0.5088,1,6,0.0
16,16,0.5046,1,6,0.0
17,17,0.5033,1,6,0.0
18,18,0.5001,1,6,0.0
19,19,0.4958,1,6,0.0
20,20,0.4971,1,6,0.0
21,21,0.4947,1,6,0.0
22,22,0.4894,1,6,0.0
23,23,0.4888,1,6,0.0
24,24,0.4865,1,6,0.0
25,25,0.4853,1,6,0.0
26,26,0.4854,1,6,0.0
27,27,0.4841,1,6,0.0
28,28,0.4825,1,6,0.0
29,29,0.4834,1,6,0.0
30,30,0.4758,1,6,0.0
31,31,0.4796,1,6,0.0
32,32,0.4785,1,6,0.0
33,33,0.4755,1,6,0.0
34,34,0.4723,1,6,0.0
35,35,0.4766,1,6,0.0
36,36,0.4751,1,6,0.0
37,37,0.4697,1,6,0.0
38,38,0.4714,1,6,0.0
39,39,0.4736,1,6,0.0
40,40,0.4674,1,6,0.0
0,0,0.0503,100,6,2.0
1,1,0.1733,100,6,2.0
2,2,0.3428,100,6,2.0
3,3,0.3933,100,6,2.0
4,4,0.4408,100,6,2.0
5,5,0.4603,100,6,2.0
6,6,0.4739,100,6,2.0
7,7,0.4903,100,6,2.0
8,8,0.4967,100,6,2.0
9,9,0.5019,100,6,2.0
10,10,0.5075,100,6,2.0
11,11,0.5119,100,6,2.0
12,12,0.5083,100,6,2.0
13,13,0.5154,100,6,2.0
14,14,0.5127,100,6,2.0
15,15,0.5114,100,6,2.0
16,16,0.5127,100,6,2.0
17,17,0.5114,100,6,2.0
18,18,0.512,100,6,2.0
19,19,0.5057,100,6,2.0
20,20,0.5066,100,6,2.0
21,21,0.501,100,6,2.0
22,22,0.4989,100,6,2.0
23,23,0.5009,100,6,2.0
24,24,0.4968,100,6,2.0
25,25,0.4963,100,6,2.0
26,26,0.492,100,6,2.0
27,27,0.4967,100,6,2.0
28,28,0.491,100,6,2.0
29,29,0.4914,100,6,2.0
30,30,0.4869,100,6,2.0
31,31,0.4849,100,6,2.0
32,32,0.4896,100,6,2.0
33,33,0.4904,100,6,2.0
34,34,0.4865,100,6,2.0
35,35,0.4826,100,6,2.0
36,36,0.48,100,6,2.0
37,37,0.4794,100,6,2.0
38,38,0.4766,100,6,2.0
39,39,0.4811,100,6,2.0
40,40,0.4828,100,6,2.0
0,0,0.0469,1000,3,3.0
1,1,0.1968,1000,3,3.0
2,2,0.3526,1000,3,3.0
3,3,0.413,1000,3,3.0
4,4,0.4459,1000,3,3.0
5,5,0.4692,1000,3,3.0
6,6,0.4873,1000,3,3.0
7,7,0.5018,1000,3,3.0
8,8,0.5054,1000,3,3.0
9,9,0.5148,1000,3,3.0
10,10,0.5192,1000,3,3.0
11,11,0.5225,1000,3,3.0
12,12,0.522,1000,3,3.0
13,13,0.5224,1000,3,3.0
14,14,0.5228,1000,3,3.0
15,15,0.5195,1000,3,3.0
16,16,0.5202,1000,3,3.0
17,17,0.5142,1000,3,3.0
18,18,0.5136,1000,3,3.0
19,19,0.5115,1000,3,3.0
20,20,0.5103,1000,3,3.0
21,21,0.505,1000,3,3.0
22,22,0.5052,1000,3,3.0
23,23,0.5003,1000,3,3.0
24,24,0.4948,1000,3,3.0
25,25,0.498,1000,3,3.0
26,26,0.4922,1000,3,3.0
27,27,0.4936,1000,3,3.0
28,28,0.4906,1000,3,3.0
29,29,0.4847,1000,3,3.0
30,30,0.4854,1000,3,3.0
31,31,0.4812,1000,3,3.0
32,32,0.4819,1000,3,3.0
33,33,0.4837,1000,3,3.0
34,34,0.4762,1000,3,3.0
35,35,0.481,1000,3,3.0
36,36,0.4777,1000,3,3.0
37,37,0.4726,1000,3,3.0
38,38,0.4759,1000,3,3.0
39,39,0.472,1000,3,3.0
40,40,0.476,1000,3,3.0
0,0,0.05,10,0,1.0
1,1,0.1492,10,0,1.0
2,2,0.3384,10,0,1.0
3,3,0.4038,10,0,1.0
4,4,0.4424,10,0,1.0
5,5,0.4698,10,0,1.0
6,6,0.4836,10,0,1.0
7,7,0.4966,10,0,1.0
8,8,0.5035,10,0,1.0
9,9,0.5028,10,0,1.0
10,10,0.5114,10,0,1.0
11,11,0.5104,10,0,1.0
12,12,0.5108,10,0,1.0
13,13,0.5116,10,0,1.0
14,14,0.5084,10,0,1.0
15,15,0.5105,10,0,1.0
16,16,0.5064,10,0,1.0
17,17,0.5078,10,0,1.0
18,18,0.5057,10,0,1.0
19,19,0.5011,10,0,1.0
20,20,0.4999,10,0,1.0
21,21,0.4992,10,0,1.0
22,22,0.4998,10,0,1.0
23,23,0.4925,10,0,1.0
24,24,0.4941,10,0,1.0
25,25,0.4875,10,0,1.0
26,26,0.4878,10,0,1.0
27,27,0.4859,10,0,1.0
28,28,0.4855,10,0,1.0
29,29,0.4855,10,0,1.0
30,30,0.4851,10,0,1.0
31,31,0.4814,10,0,1.0
32,32,0.4808,10,0,1.0
33,33,0.4768,10,0,1.0
34,34,0.4734,10,0,1.0
35,35,0.4742,10,0,1.0
36,36,0.478,10,0,1.0
37,37,0.4744,10,0,1.0
38,38,0.4768,10,0,1.0
39,39,0.4735,10,0,1.0
40,40,0.4727,10,0,1.0
0,0,0.0456,10,9,1.0
1,1,0.1601,10,9,1.0
2,2,0.333,10,9,1.0
3,3,0.3975,10,9,1.0
4,4,0.4277,10,9,1.0
5,5,0.4562,10,9,1.0
6,6,0.4716,10,9,1.0
7,7,0.4862,10,9,1.0
8,8,0.4902,10,9,1.0
9,9,0.4985,10,9,1.0
10,10,0.5029,10,9,1.0
11,11,0.5079,10,9,1.0
12,12,0.5129,10,9,1.0
13,13,0.5099,10,9,1.0
14,14,0.5158,10,9,1.0
15,15,0.51,10,9,1.0
16,16,0.5123,10,9,1.0
17,17,0.5062,10,9,1.0
18,18,0.5042,10,9,1.0
19,19,0.5084,10,9,1.0
20,20,0.5044,10,9,1.0
21,21,0.5039,10,9,1.0
22,22,0.5021,10,9,1.0
23,23,0.4997,10,9,1.0
24,24,0.499,10,9,1.0
25,25,0.4988,10,9,1.0
26,26,0.4944,10,9,1.0
27,27,0.4923,10,9,1.0
28,28,0.4916,10,9,1.0
29,29,0.4921,10,9,1.0
30,30,0.4866,10,9,1.0
31,31,0.4888,10,9,1.0
32,32,0.4828,10,9,1.0
33,33,0.4825,10,9,1.0
34,34,0.4828,10,9,1.0
35,35,0.4813,10,9,1.0
36,36,0.4802,10,9,1.0
37,37,0.4792,10,9,1.0
38,38,0.4813,10,9,1.0
39,39,0.4772,10,9,1.0
40,40,0.4772,10,9,1.0
0,0,0.0432,1,9,0.0
1,1,0.1862,1,9,0.0
2,2,0.3102,1,9,0.0
3,3,0.3841,1,9,0.0
4,4,0.4176,1,9,0.0
5,5,0.4515,1,9,0.0
6,6,0.4704,1,9,0.0
7,7,0.4816,1,9,0.0
8,8,0.481,1,9,0.0
9,9,0.4919,1,9,0.0
10,10,0.4977,1,9,0.0
11,11,0.4995,1,9,0.0
12,12,0.5036,1,9,0.0
13,13,0.4993,1,9,0.0
14,14,0.5037,1,9,0.0
15,15,0.5011,1,9,0.0
16,16,0.5003,1,9,0.0
17,17,0.5006,1,9,0.0
18,18,0.4955,1,9,0.0
19,19,0.497,1,9,0.0
20,20,0.4876,1,9,0.0
21,21,0.4859,1,9,0.0
22,22,0.4818,1,9,0.0
23,23,0.4805,1,9,0.0
24,24,0.4773,1,9,0.0
25,25,0.4761,1,9,0.0
26,26,0.4785,1,9,0.0
27,27,0.477,1,9,0.0
28,28,0.4766,1,9,0.0
29,29,0.4755,1,9,0.0
30,30,0.4719,1,9,0.0
31,31,0.47,1,9,0.0
32,32,0.4713,1,9,0.0
33,33,0.4665,1,9,0.0
34,34,0.4646,1,9,0.0
35,35,0.467,1,9,0.0
36,36,0.4608,1,9,0.0
37,37,0.4632,1,9,0.0
38,38,0.4656,1,9,0.0
39,39,0.4637,1,9,0.0
40,40,0.4592,1,9,0.0
0,0,0.0481,1,7,0.0
1,1,0.1522,1,7,0.0
2,2,0.3077,1,7,0.0
3,3,0.3823,1,7,0.0
4,4,0.4226,1,7,0.0
5,5,0.4389,1,7,0.0
6,6,0.4596,1,7,0.0
7,7,0.4791,1,7,0.0
8,8,0.4867,1,7,0.0
9,9,0.4954,1,7,0.0
10,10,0.4936,1,7,0.0
11,11,0.4999,1,7,0.0
12,12,0.5048,1,7,0.0
13,13,0.5001,1,7,0.0
14,14,0.4991,1,7,0.0
15,15,0.5042,1,7,0.0
16,16,0.499,1,7,0.0
17,17,0.4931,1,7,0.0
18,18,0.4923,1,7,0.0
19,19,0.4962,1,7,0.0
20,20,0.4952,1,7,0.0
21,21,0.4921,1,7,0.0
22,22,0.4868,1,7,0.0
23,23,0.4904,1,7,0.0
24,24,0.4817,1,7,0.0
25,25,0.4835,1,7,0.0
26,26,0.4817,1,7,0.0
27,27,0.478,1,7,0.0
28,28,0.4736,1,7,0.0
29,29,0.4737,1,7,0.0
30,30,0.4781,1,7,0.0
31,31,0.4754,1,7,0.0
32,32,0.4743,1,7,0.0
33,33,0.4768,1,7,0.0
34,34,0.4687,1,7,0.0
35,35,0.4651,1,7,0.0
36,36,0.4674,1,7,0.0
37,37,0.4666,1,7,0.0
38,38,0.4664,1,7,0.0
39,39,0.4701,1,7,0.0
40,40,0.4631,1,7,0.0
0,0,0.0535,1,2,0.0
1,1,0.1514,1,2,0.0
2,2,0.301,1,2,0.0
3,3,0.3873,1,2,0.0
4,4,0.4204,1,2,0.0
5,5,0.457,1,2,0.0
6,6,0.4623,1,2,0.0
7,7,0.4737,1,2,0.0
8,8,0.4802,1,2,0.0
9,9,0.4933,1,2,0.0
10,10,0.494,1,2,0.0
11,11,0.4973,1,2,0.0
12,12,0.499,1,2,0.0
13,13,0.4991,1,2,0.0
14,14,0.506,1,2,0.0
15,15,0.5,1,2,0.0
16,16,0.4971,1,2,0.0
17,17,0.4945,1,2,0.0
18,18,0.4951,1,2,0.0
19,19,0.4899,1,2,0.0
20,20,0.4905,1,2,0.0
21,21,0.4903,1,2,0.0
22,22,0.488,1,2,0.0
23,23,0.4867,1,2,0.0
24,24,0.4852,1,2,0.0
25,25,0.4859,1,2,0.0
26,26,0.4802,1,2,0.0
27,27,0.4783,1,2,0.0
28,28,0.4749,1,2,0.0
29,29,0.48,1,2,0.0
30,30,0.4787,1,2,0.0
31,31,0.4742,1,2,0.0
32,32,0.4707,1,2,0.0
33,33,0.4674,1,2,0.0
34,34,0.4714,1,2,0.0
35,35,0.4652,1,2,0.0
36,36,0.4676,1,2,0.0
37,37,0.4658,1,2,0.0
38,38,0.4631,1,2,0.0
39,39,0.4677,1,2,0.0
40,40,0.4652,1,2,0.0
0,0,0.0501,10,8,1.0
1,1,0.1707,10,8,1.0
2,2,0.3204,10,8,1.0
3,3,0.3963,10,8,1.0
4,4,0.432,10,8,1.0
5,5,0.4588,10,8,1.0
6,6,0.4741,10,8,1.0
7,7,0.4898,10,8,1.0
8,8,0.4997,10,8,1.0
9,9,0.5062,10,8,1.0
10,10,0.5075,10,8,1.0
11,11,0.51,10,8,1.0
12,12,0.5136,10,8,1.0
13,13,0.5133,10,8,1.0
14,14,0.5175,10,8,1.0
15,15,0.5125,10,8,1.0
16,16,0.513,10,8,1.0
17,17,0.5135,10,8,1.0
18,18,0.5075,10,8,1.0
19,19,0.5079,10,8,1.0
20,20,0.5033,10,8,1.0
21,21,0.5063,10,8,1.0
22,22,0.5016,10,8,1.0
23,23,0.4951,10,8,1.0
24,24,0.498,10,8,1.0
25,25,0.4945,10,8,1.0
26,26,0.491,10,8,1.0
27,27,0.4911,10,8,1.0
28,28,0.4857,10,8,1.0
29,29,0.4875,10,8,1.0
30,30,0.4805,10,8,1.0
31,31,0.4803,10,8,1.0
32,32,0.4801,10,8,1.0
33,33,0.4816,10,8,1.0
34,34,0.4772,10,8,1.0
35,35,0.4808,10,8,1.0
36,36,0.4759,10,8,1.0
37,37,0.4762,10,8,1.0
38,38,0.4729,10,8,1.0
39,39,0.4706,10,8,1.0
40,40,0.4709,10,8,1.0
0,0,0.0465,1,4,0.0
1,1,0.1135,1,4,0.0
2,2,0.2978,1,4,0.0
3,3,0.365,1,4,0.0
4,4,0.4117,1,4,0.0
5,5,0.4446,1,4,0.0
6,6,0.4569,1,4,0.0
7,7,0.4629,1,4,0.0
8,8,0.4757,1,4,0.0
9,9,0.4913,1,4,0.0
10,10,0.4921,1,4,0.0
11,11,0.4899,1,4,0.0
12,12,0.4927,1,4,0.0
13,13,0.4895,1,4,0.0
14,14,0.496,1,4,0.0
15,15,0.4945,1,4,0.0
16,16,0.4897,1,4,0.0
17,17,0.4857,1,4,0.0
18,18,0.491,1,4,0.0
19,19,0.4903,1,4,0.0
20,20,0.4853,1,4,0.0
21,21,0.4811,1,4,0.0
22,22,0.4798,1,4,0.0
23,23,0.4783,1,4,0.0
24,24,0.4735,1,4,0.0
25,25,0.4752,1,4,0.0
26,26,0.4732,1,4,0.0
27,27,0.4705,1,4,0.0
28,28,0.4672,1,4,0.0
29,29,0.4709,1,4,0.0
30,30,0.467,1,4,0.0
31,31,0.4702,1,4,0.0
32,32,0.4641,1,4,0.0
33,33,0.4673,1,4,0.0
34,34,0.4632,1,4,0.0
35,35,0.4638,1,4,0.0
36,36,0.4658,1,4,0.0
37,37,0.4591,1,4,0.0
38,38,0.4575,1,4,0.0
39,39,0.457,1,4,0.0
40,40,0.4597,1,4,0.0
0,0,0.0501,1000,4,3.0
1,1,0.2088,1000,4,3.0
2,2,0.3325,1000,4,3.0
3,3,0.3893,1000,4,3.0
4,4,0.4297,1000,4,3.0
5,5,0.4518,1000,4,3.0
6,6,0.4716,1000,4,3.0
7,7,0.4864,1000,4,3.0
8,8,0.4966,1000,4,3.0
9,9,0.4966,1000,4,3.0
10,10,0.5034,1000,4,3.0
11,11,0.5049,1000,4,3.0
12,12,0.507,1000,4,3.0
13,13,0.5088,1000,4,3.0
14,14,0.5101,1000,4,3.0
15,15,0.5047,1000,4,3.0
16,16,0.5062,1000,4,3.0
17,17,0.5028,1000,4,3.0
18,18,0.5031,1000,4,3.0
19,19,0.5019,1000,4,3.0
20,20,0.5001,1000,4,3.0
21,21,0.4977,1000,4,3.0
22,22,0.4922,1000,4,3.0
23,23,0.493,1000,4,3.0
24,24,0.4916,1000,4,3.0
25,25,0.4909,1000,4,3.0
26,26,0.4897,1000,4,3.0
27,27,0.486,1000,4,3.0
28,28,0.4848,1000,4,3.0
29,29,0.4847,1000,4,3.0
30,30,0.4782,1000,4,3.0
31,31,0.4809,1000,4,3.0
32,32,0.4774,1000,4,3.0
33,33,0.4776,1000,4,3.0
34,34,0.4766,1000,4,3.0
35,35,0.4762,1000,4,3.0
36,36,0.4746,1000,4,3.0
37,37,0.4732,1000,4,3.0
38,38,0.4729,1000,4,3.0
39,39,0.4681,1000,4,3.0
40,40,0.4669,1000,4,3.0
0,0,0.0489,100,9,2.0
1,1,0.1949,100,9,2.0
2,2,0.3448,100,9,2.0
3,3,0.4003,100,9,2.0
4,4,0.4377,100,9,2.0
5,5,0.4622,100,9,2.0
6,6,0.4809,100,9,2.0
7,7,0.4919,100,9,2.0
8,8,0.5043,100,9,2.0
9,9,0.5069,100,9,2.0
10,10,0.5086,100,9,2.0
11,11,0.5128,100,9,2.0
12,12,0.5142,100,9,2.0
13,13,0.5116,100,9,2.0
14,14,0.5126,100,9,2.0
15,15,0.5127,100,9,2.0
16,16,0.5138,100,9,2.0
17,17,0.5093,100,9,2.0
18,18,0.5073,100,9,2.0
19,19,0.5069,100,9,2.0
20,20,0.5056,100,9,2.0
21,21,0.4989,100,9,2.0
22,22,0.5008,100,9,2.0
23,23,0.4942,100,9,2.0
24,24,0.4967,100,9,2.0
25,25,0.4962,100,9,2.0
26,26,0.4934,100,9,2.0
27,27,0.4878,100,9,2.0
28,28,0.4862,100,9,2.0
29,29,0.483,100,9,2.0
30,30,0.4797,100,9,2.0
31,31,0.4786,100,9,2.0
32,32,0.4863,100,9,2.0
33,33,0.4796,100,9,2.0
34,34,0.4807,100,9,2.0
35,35,0.48,100,9,2.0
36,36,0.4787,100,9,2.0
37,37,0.4814,100,9,2.0
38,38,0.4764,100,9,2.0
39,39,0.4725,100,9,2.0
40,40,0.4745,100,9,2.0
0,0,0.0515,1000,9,3.0
1,1,0.192,1000,9,3.0
2,2,0.347,1000,9,3.0
3,3,0.4056,1000,9,3.0
4,4,0.4371,1000,9,3.0
5,5,0.4619,1000,9,3.0
6,6,0.4815,1000,9,3.0
7,7,0.4996,1000,9,3.0
8,8,0.5025,1000,9,3.0
9,9,0.5058,1000,9,3.0
10,10,0.5164,1000,9,3.0
11,11,0.5162,1000,9,3.0
12,12,0.5167,1000,9,3.0
13,13,0.5118,1000,9,3.0
14,14,0.5133,1000,9,3.0
15,15,0.5137,1000,9,3.0
16,16,0.5112,1000,9,3.0
17,17,0.5086,1000,9,3.0
18,18,0.5092,1000,9,3.0
19,19,0.5036,1000,9,3.0
20,20,0.5001,1000,9,3.0
21,21,0.4959,1000,9,3.0
22,22,0.4947,1000,9,3.0
23,23,0.4951,1000,9,3.0
24,24,0.4925,1000,9,3.0
25,25,0.488,1000,9,3.0
26,26,0.4897,1000,9,3.0
27,27,0.485,1000,9,3.0
28,28,0.4859,1000,9,3.0
29,29,0.4859,1000,9,3.0
30,30,0.4827,1000,9,3.0
31,31,0.4836,1000,9,3.0
32,32,0.4813,1000,9,3.0
33,33,0.4805,1000,9,3.0
34,34,0.4831,1000,9,3.0
35,35,0.4796,1000,9,3.0
36,36,0.4732,1000,9,3.0
37,37,0.475,1000,9,3.0
38,38,0.4772,1000,9,3.0
39,39,0.4766,1000,9,3.0
40,40,0.4733,1000,9,3.0
0,0,0.0499,1000,5,3.0
1,1,0.2051,1000,5,3.0
2,2,0.3528,1000,5,3.0
3,3,0.4154,1000,5,3.0
4,4,0.4418,1000,5,3.0
5,5,0.4659,1000,5,3.0
6,6,0.4773,1000,5,3.0
7,7,0.4875,1000,5,3.0
8,8,0.5028,1000,5,3.0
9,9,0.5083,1000,5,3.0
10,10,0.5121,1000,5,3.0
11,11,0.5175,1000,5,3.0
12,12,0.5174,1000,5,3.0
13,13,0.5184,1000,5,3.0
14,14,0.5129,1000,5,3.0
15,15,0.5127,1000,5,3.0
16,16,0.5131,1000,5,3.0
17,17,0.5075,1000,5,3.0
18,18,0.5068,1000,5,3.0
19,19,0.5029,1000,5,3.0
20,20,0.5061,1000,5,3.0
21,21,0.4999,1000,5,3.0
22,22,0.4966,1000,5,3.0
23,23,0.4953,1000,5,3.0
24,24,0.4899,1000,5,3.0
25,25,0.4947,1000,5,3.0
26,26,0.4916,1000,5,3.0
27,27,0.4882,1000,5,3.0
28,28,0.4881,1000,5,3.0
29,29,0.4831,1000,5,3.0
30,30,0.4837,1000,5,3.0
31,31,0.4842,1000,5,3.0
32,32,0.4839,1000,5,3.0
33,33,0.4854,1000,5,3.0
34,34,0.4757,1000,5,3.0
35,35,0.4808,1000,5,3.0
36,36,0.4788,1000,5,3.0
37,37,0.4758,1000,5,3.0
38,38,0.4776,1000,5,3.0
39,39,0.4779,1000,5,3.0
40,40,0.4765,1000,5,3.0
0,0,0.0543,100,8,2.0
1,1,0.1724,100,8,2.0
2,2,0.3347,100,8,2.0
3,3,0.4026,100,8,2.0
4,4,0.4395,100,8,2.0
5,5,0.4711,100,8,2.0
6,6,0.4872,100,8,2.0
7,7,0.4975,100,8,2.0
8,8,0.5107,100,8,2.0
9,9,0.5182,100,8,2.0
10,10,0.5282,100,8,2.0
11,11,0.5294,100,8,2.0
12,12,0.5298,100,8,2.0
13,13,0.53,100,8,2.0
14,14,0.5291,100,8,2.0
15,15,0.5251,100,8,2.0
16,16,0.5259,100,8,2.0
17,17,0.5215,100,8,2.0
18,18,0.52,100,8,2.0
19,19,0.5183,100,8,2.0
20,20,0.5204,100,8,2.0
21,21,0.5151,100,8,2.0
22,22,0.5132,100,8,2.0
23,23,0.5085,100,8,2.0
24,24,0.5089,100,8,2.0
25,25,0.5053,100,8,2.0
26,26,0.5053,100,8,2.0
27,27,0.5012,100,8,2.0
28,28,0.4971,100,8,2.0
29,29,0.4958,100,8,2.0
30,30,0.4989,100,8,2.0
31,31,0.4992,100,8,2.0
32,32,0.4956,100,8,2.0
33,33,0.4959,100,8,2.0
34,34,0.4948,100,8,2.0
35,35,0.4919,100,8,2.0
36,36,0.4915,100,8,2.0
37,37,0.4898,100,8,2.0
38,38,0.4889,100,8,2.0
39,39,0.4893,100,8,2.0
40,40,0.4876,100,8,2.0
0,0,0.0621,1000,1,3.0
1,1,0.2013,1000,1,3.0
2,2,0.3521,1000,1,3.0
3,3,0.4057,1000,1,3.0
4,4,0.4395,1000,1,3.0
5,5,0.4611,1000,1,3.0
6,6,0.4797,1000,1,3.0
7,7,0.4939,1000,1,3.0
8,8,0.4992,1000,1,3.0
9,9,0.5063,1000,1,3.0
10,10,0.5088,1000,1,3.0
11,11,0.5112,1000,1,3.0
12,12,0.5143,1000,1,3.0
13,13,0.5112,1000,1,3.0
14,14,0.5134,1000,1,3.0
15,15,0.509,1000,1,3.0
16,16,0.5203,1000,1,3.0
17,17,0.5144,1000,1,3.0
18,18,0.5074,1000,1,3.0
19,19,0.5096,1000,1,3.0
20,20,0.5101,1000,1,3.0
21,21,0.5086,1000,1,3.0
22,22,0.5068,1000,1,3.0
23,23,0.5019,1000,1,3.0
24,24,0.4994,1000,1,3.0
25,25,0.4986,1000,1,3.0
26,26,0.4955,1000,1,3.0
27,27,0.4925,1000,1,3.0
28,28,0.4928,1000,1,3.0
29,29,0.4914,1000,1,3.0
30,30,0.4909,1000,1,3.0
31,31,0.4886,1000,1,3.0
32,32,0.4826,1000,1,3.0
33,33,0.4821,1000,1,3.0
34,34,0.4822,1000,1,3.0
35,35,0.4808,1000,1,3.0
36,36,0.4767,1000,1,3.0
37,37,0.4815,1000,1,3.0
38,38,0.4782,1000,1,3.0
39,39,0.4787,1000,1,3.0
40,40,0.4745,1000,1,3.0
0,0,0.0472,10,5,1.0
1,1,0.206,10,5,1.0
2,2,0.3385,10,5,1.0
3,3,0.4024,10,5,1.0
4,4,0.438,10,5,1.0
5,5,0.471,10,5,1.0
6,6,0.4857,10,5,1.0
7,7,0.5039,10,5,1.0
8,8,0.5053,10,5,1.0
9,9,0.5146,10,5,1.0
10,10,0.5137,10,5,1.0
11,11,0.5174,10,5,1.0
12,12,0.521,10,5,1.0
13,13,0.524,10,5,1.0
14,14,0.5173,10,5,1.0
15,15,0.5171,10,5,1.0
16,16,0.5139,10,5,1.0
17,17,0.5188,10,5,1.0
18,18,0.512,10,5,1.0
19,19,0.5101,10,5,1.0
20,20,0.514,10,5,1.0
21,21,0.5035,10,5,1.0
22,22,0.5056,10,5,1.0
23,23,0.503,10,5,1.0
24,24,0.4991,10,5,1.0
25,25,0.4953,10,5,1.0
26,26,0.4955,10,5,1.0
27,27,0.4911,10,5,1.0
28,28,0.4892,10,5,1.0
29,29,0.4912,10,5,1.0
30,30,0.4856,10,5,1.0
31,31,0.4862,10,5,1.0
32,32,0.483,10,5,1.0
33,33,0.4841,10,5,1.0
34,34,0.4887,10,5,1.0
35,35,0.4807,10,5,1.0
36,36,0.477,10,5,1.0
37,37,0.4786,10,5,1.0
38,38,0.4783,10,5,1.0
39,39,0.476,10,5,1.0
40,40,0.4719,10,5,1.0
0,0,0.0489,1000,0,3.0
1,1,0.2215,1000,0,3.0
2,2,0.3532,1000,0,3.0
3,3,0.4056,1000,0,3.0
4,4,0.44,1000,0,3.0
5,5,0.4658,1000,0,3.0
6,6,0.476,1000,0,3.0
7,7,0.49,1000,0,3.0
8,8,0.4975,1000,0,3.0
9,9,0.5015,1000,0,3.0
10,10,0.5048,1000,0,3.0
11,11,0.5046,1000,0,3.0
12,12,0.5106,1000,0,3.0
13,13,0.5089,1000,0,3.0
14,14,0.5066,1000,0,3.0
15,15,0.5005,1000,0,3.0
16,16,0.5013,1000,0,3.0
17,17,0.5035,1000,0,3.0
18,18,0.5,1000,0,3.0
19,19,0.4956,1000,0,3.0
20,20,0.4983,1000,0,3.0
21,21,0.4958,1000,0,3.0
22,22,0.4947,1000,0,3.0
23,23,0.4923,1000,0,3.0
24,24,0.4907,1000,0,3.0
25,25,0.4868,1000,0,3.0
26,26,0.4856,1000,0,3.0
27,27,0.4812,1000,0,3.0
28,28,0.48,1000,0,3.0
29,29,0.4771,1000,0,3.0
30,30,0.4795,1000,0,3.0
31,31,0.4794,1000,0,3.0
32,32,0.4745,1000,0,3.0
33,33,0.4743,1000,0,3.0
34,34,0.4774,1000,0,3.0
35,35,0.4722,1000,0,3.0
36,36,0.4727,1000,0,3.0
37,37,0.4673,1000,0,3.0
38,38,0.4707,1000,0,3.0
39,39,0.4676,1000,0,3.0
40,40,0.4711,1000,0,3.0
0,0,0.05,1,8,0.0
1,1,0.2008,1,8,0.0
2,2,0.332,1,8,0.0
3,3,0.3979,1,8,0.0
4,4,0.4333,1,8,0.0
5,5,0.4617,1,8,0.0
6,6,0.4825,1,8,0.0
7,7,0.4901,1,8,0.0
8,8,0.4961,1,8,0.0
9,9,0.5075,1,8,0.0
10,10,0.508,1,8,0.0
11,11,0.512,1,8,0.0
12,12,0.5169,1,8,0.0
13,13,0.5136,1,8,0.0
14,14,0.5099,1,8,0.0
15,15,0.504,1,8,0.0
16,16,0.5084,1,8,0.0
17,17,0.5014,1,8,0.0
18,18,0.5015,1,8,0.0
19,19,0.5036,1,8,0.0
20,20,0.4984,1,8,0.0
21,21,0.495,1,8,0.0
22,22,0.4976,1,8,0.0
23,23,0.4925,1,8,0.0
24,24,0.4868,1,8,0.0
25,25,0.4928,1,8,0.0
26,26,0.4887,1,8,0.0
27,27,0.4844,1,8,0.0
28,28,0.485,1,8,0.0
29,29,0.4806,1,8,0.0
30,30,0.4835,1,8,0.0
31,31,0.4868,1,8,0.0
32,32,0.4836,1,8,0.0
33,33,0.4775,1,8,0.0
34,34,0.4825,1,8,0.0
35,35,0.4741,1,8,0.0
36,36,0.4787,1,8,0.0
37,37,0.4781,1,8,0.0
38,38,0.4681,1,8,0.0
39,39,0.4788,1,8,0.0
40,40,0.4727,1,8,0.0
0,0,0.051,1000,2,3.0
1,1,0.2036,1000,2,3.0
2,2,0.3533,1000,2,3.0
3,3,0.3999,1000,2,3.0
4,4,0.4366,1000,2,3.0
5,5,0.4664,1000,2,3.0
6,6,0.4858,1000,2,3.0
7,7,0.4921,1000,2,3.0
8,8,0.5035,1000,2,3.0
9,9,0.5119,1000,2,3.0
10,10,0.5136,1000,2,3.0
11,11,0.5164,1000,2,3.0
12,12,0.5146,1000,2,3.0
13,13,0.5134,1000,2,3.0
14,14,0.5129,1000,2,3.0
15,15,0.5117,1000,2,3.0
16,16,0.51,1000,2,3.0
17,17,0.5053,1000,2,3.0
18,18,0.506,1000,2,3.0
19,19,0.5042,1000,2,3.0
20,20,0.4993,1000,2,3.0
21,21,0.4937,1000,2,3.0
22,22,0.498,1000,2,3.0
23,23,0.4919,1000,2,3.0
24,24,0.4953,1000,2,3.0
25,25,0.4877,1000,2,3.0
26,26,0.4857,1000,2,3.0
27,27,0.4879,1000,2,3.0
28,28,0.4861,1000,2,3.0
29,29,0.485,1000,2,3.0
30,30,0.4805,1000,2,3.0
31,31,0.4787,1000,2,3.0
32,32,0.4811,1000,2,3.0
33,33,0.4757,1000,2,3.0
34,34,0.4762,1000,2,3.0
35,35,0.4715,1000,2,3.0
36,36,0.476,1000,2,3.0
37,37,0.4725,1000,2,3.0
38,38,0.474,1000,2,3.0
39,39,0.4715,1000,2,3.0
40,40,0.4697,1000,2,3.0
0,0,0.05,100,1,2.0
1,1,0.1555,100,1,2.0
2,2,0.3372,100,1,2.0
3,3,0.389,100,1,2.0
4,4,0.4212,100,1,2.0
5,5,0.451,100,1,2.0
6,6,0.4648,100,1,2.0
7,7,0.478,100,1,2.0
8,8,0.4835,100,1,2.0
9,9,0.4901,100,1,2.0
10,10,0.4946,100,1,2.0
11,11,0.4977,100,1,2.0
12,12,0.5046,100,1,2.0
13,13,0.5032,100,1,2.0
14,14,0.5019,100,1,2.0
15,15,0.5039,100,1,2.0
16,16,0.5012,100,1,2.0
17,17,0.5021,100,1,2.0
18,18,0.4964,100,1,2.0
19,19,0.5023,100,1,2.0
20,20,0.4955,100,1,2.0
21,21,0.4968,100,1,2.0
22,22,0.4915,100,1,2.0
23,23,0.4905,100,1,2.0
24,24,0.4919,100,1,2.0
25,25,0.4859,100,1,2.0
26,26,0.4828,100,1,2.0
27,27,0.483,100,1,2.0
28,28,0.4846,100,1,2.0
29,29,0.4767,100,1,2.0
30,30,0.4789,100,1,2.0
31,31,0.4782,100,1,2.0
32,32,0.4787,100,1,2.0
33,33,0.4751,100,1,2.0
34,34,0.4751,100,1,2.0
35,35,0.4726,100,1,2.0
36,36,0.4694,100,1,2.0
37,37,0.4719,100,1,2.0
38,38,0.4715,100,1,2.0
39,39,0.4692,100,1,2.0
40,40,0.4699,100,1,2.0
0,0,0.0531,10,6,1.0
1,1,0.1743,10,6,1.0
2,2,0.3454,10,6,1.0
3,3,0.3978,10,6,1.0
4,4,0.4322,10,6,1.0
5,5,0.4626,10,6,1.0
6,6,0.4784,10,6,1.0
7,7,0.4924,10,6,1.0
8,8,0.501,10,6,1.0
9,9,0.5117,10,6,1.0
10,10,0.5089,10,6,1.0
11,11,0.5192,10,6,1.0
12,12,0.5159,10,6,1.0
13,13,0.5166,10,6,1.0
14,14,0.5159,10,6,1.0
15,15,0.5148,10,6,1.0
16,16,0.5115,10,6,1.0
17,17,0.5114,10,6,1.0
18,18,0.5091,10,6,1.0
19,19,0.5039,10,6,1.0
20,20,0.5038,10,6,1.0
21,21,0.4996,10,6,1.0
22,22,0.4977,10,6,1.0
23,23,0.4989,10,6,1.0
24,24,0.4928,10,6,1.0
25,25,0.4929,10,6,1.0
26,26,0.4922,10,6,1.0
27,27,0.4886,10,6,1.0
28,28,0.4918,10,6,1.0
29,29,0.4907,10,6,1.0
30,30,0.4849,10,6,1.0
31,31,0.4853,10,6,1.0
32,32,0.4815,10,6,1.0
33,33,0.4768,10,6,1.0
34,34,0.4804,10,6,1.0
35,35,0.4765,10,6,1.0
36,36,0.4762,10,6,1.0
37,37,0.4736,10,6,1.0
38,38,0.4769,10,6,1.0
39,39,0.4716,10,6,1.0
40,40,0.4768,10,6,1.0
0,0,0.0608,100,4,2.0
1,1,0.1797,100,4,2.0
2,2,0.3406,100,4,2.0
3,3,0.3979,100,4,2.0
4,4,0.4365,100,4,2.0
5,5,0.4604,100,4,2.0
6,6,0.4779,100,4,2.0
7,7,0.4911,100,4,2.0
8,8,0.5,100,4,2.0
9,9,0.5049,100,4,2.0
10,10,0.5097,100,4,2.0
11,11,0.5136,100,4,2.0
12,12,0.5162,100,4,2.0
13,13,0.5177,100,4,2.0
14,14,0.5162,100,4,2.0
15,15,0.5133,100,4,2.0
16,16,0.5095,100,4,2.0
17,17,0.513,100,4,2.0
18,18,0.5104,100,4,2.0
19,19,0.5062,100,4,2.0
20,20,0.5065,100,4,2.0
21,21,0.5042,100,4,2.0
22,22,0.4996,100,4,2.0
23,23,0.497,100,4,2.0
24,24,0.4986,100,4,2.0
25,25,0.4926,100,4,2.0
26,26,0.4921,100,4,2.0
27,27,0.4943,100,4,2.0
28,28,0.4887,100,4,2.0
29,29,0.4874,100,4,2.0
30,30,0.4863,100,4,2.0
31,31,0.4854,100,4,2.0
32,32,0.4812,100,4,2.0
33,33,0.4828,100,4,2.0
34,34,0.482,100,4,2.0
35,35,0.4835,100,4,2.0
36,36,0.48,100,4,2.0
37,37,0.4776,100,4,2.0
38,38,0.4761,100,4,2.0
39,39,0.4783,100,4,2.0
40,40,0.4744,100,4,2.0
0,0,0.0467,100,7,2.0
1,1,0.1698,100,7,2.0
2,2,0.3563,100,7,2.0
3,3,0.4171,100,7,2.0
4,4,0.4482,100,7,2.0
5,5,0.4805,100,7,2.0
6,6,0.492,100,7,2.0
7,7,0.5085,100,7,2.0
8,8,0.5135,100,7,2.0
9,9,0.5178,100,7,2.0
10,10,0.522,100,7,2.0
11,11,0.5239,100,7,2.0
12,12,0.5218,100,7,2.0
13,13,0.5218,100,7,2.0
14,14,0.5201,100,7,2.0
15,15,0.5183,100,7,2.0
16,16,0.5186,100,7,2.0
17,17,0.5126,100,7,2.0
18,18,0.512,100,7,2.0
19,19,0.5048,100,7,2.0
20,20,0.508,100,7,2.0
21,21,0.503,100,7,2.0
22,22,0.5053,100,7,2.0
23,23,0.501,100,7,2.0
24,24,0.5019,100,7,2.0
25,25,0.5018,100,7,2.0
26,26,0.4974,100,7,2.0
27,27,0.4905,100,7,2.0
28,28,0.494,100,7,2.0
29,29,0.4942,100,7,2.0
30,30,0.493,100,7,2.0
31,31,0.487,100,7,2.0
32,32,0.4864,100,7,2.0
33,33,0.4845,100,7,2.0
34,34,0.4821,100,7,2.0
35,35,0.4818,100,7,2.0
36,36,0.4809,100,7,2.0
37,37,0.4833,100,7,2.0
38,38,0.4777,100,7,2.0
39,39,0.4794,100,7,2.0
40,40,0.4764,100,7,2.0
0,0,0.0525,10,4,1.0
1,1,0.192,10,4,1.0
2,2,0.358,10,4,1.0
3,3,0.412,10,4,1.0
4,4,0.4495,10,4,1.0
5,5,0.4742,10,4,1.0
6,6,0.4911,10,4,1.0
7,7,0.501,10,4,1.0
8,8,0.5108,10,4,1.0
9,9,0.5064,10,4,1.0
10,10,0.5132,10,4,1.0
11,11,0.5158,10,4,1.0
12,12,0.5178,10,4,1.0
13,13,0.5207,10,4,1.0
14,14,0.5133,10,4,1.0
15,15,0.515,10,4,1.0
16,16,0.509,10,4,1.0
17,17,0.5073,10,4,1.0
18,18,0.5066,10,4,1.0
19,19,0.5046,10,4,1.0
20,20,0.5038,10,4,1.0
21,21,0.5032,10,4,1.0
22,22,0.4988,10,4,1.0
23,23,0.4922,10,4,1.0
24,24,0.497,10,4,1.0
25,25,0.4923,10,4,1.0
26,26,0.4911,10,4,1.0
27,27,0.4897,10,4,1.0
28,28,0.4888,10,4,1.0
29,29,0.4844,10,4,1.0
30,30,0.4836,10,4,1.0
31,31,0.4779,10,4,1.0
32,32,0.4772,10,4,1.0
33,33,0.4809,10,4,1.0
34,34,0.4773,10,4,1.0
35,35,0.4786,10,4,1.0
36,36,0.4752,10,4,1.0
37,37,0.4776,10,4,1.0
38,38,0.4735,10,4,1.0
39,39,0.4756,10,4,1.0
40,40,0.4719,10,4,1.0
0,0,0.0502,100,0,2.0
1,1,0.1728,100,0,2.0
2,2,0.3442,100,0,2.0
3,3,0.3897,100,0,2.0
4,4,0.4312,100,0,2.0
5,5,0.452,100,0,2.0
6,6,0.4775,100,0,2.0
7,7,0.4867,100,0,2.0
8,8,0.4976,100,0,2.0
9,9,0.5036,100,0,2.0
10,10,0.5071,100,0,2.0
11,11,0.5095,100,0,2.0
12,12,0.5168,100,0,2.0
13,13,0.5196,100,0,2.0
14,14,0.5128,100,0,2.0
15,15,0.5154,100,0,2.0
16,16,0.5144,100,0,2.0
17,17,0.5134,100,0,2.0
18,18,0.513,100,0,2.0
19,19,0.5073,100,0,2.0
20,20,0.508,100,0,2.0
21,21,0.5037,100,0,2.0
22,22,0.5053,100,0,2.0
23,23,0.5035,100,0,2.0
24,24,0.4999,100,0,2.0
25,25,0.4972,100,0,2.0
26,26,0.494,100,0,2.0
27,27,0.4953,100,0,2.0
28,28,0.4894,100,0,2.0
29,29,0.4888,100,0,2.0
30,30,0.4862,100,0,2.0
31,31,0.4849,100,0,2.0
32,32,0.4869,100,0,2.0
33,33,0.4846,100,0,2.0
34,34,0.4855,100,0,2.0
35,35,0.4854,100,0,2.0
36,36,0.4794,100,0,2.0
37,37,0.4774,100,0,2.0
38,38,0.4768,100,0,2.0
39,39,0.4761,100,0,2.0
40,40,0.473,100,0,2.0
0,0,0.0545,10,2,1.0
1,1,0.1861,10,2,1.0
2,2,0.3577,10,2,1.0
3,3,0.4149,10,2,1.0
4,4,0.4489,10,2,1.0
5,5,0.4778,10,2,1.0
6,6,0.4917,10,2,1.0
7,7,0.4991,10,2,1.0
8,8,0.511,10,2,1.0
9,9,0.5146,10,2,1.0
10,10,0.52,10,2,1.0
11,11,0.524,10,2,1.0
12,12,0.5163,10,2,1.0
13,13,0.5256,10,2,1.0
14,14,0.5222,10,2,1.0
15,15,0.5157,10,2,1.0
16,16,0.5125,10,2,1.0
17,17,0.5127,10,2,1.0
18,18,0.5097,10,2,1.0
19,19,0.5086,10,2,1.0
20,20,0.5034,10,2,1.0
21,21,0.5045,10,2,1.0
22,22,0.4991,10,2,1.0
23,23,0.4979,10,2,1.0
24,24,0.4987,10,2,1.0
25,25,0.4952,10,2,1.0
26,26,0.4882,10,2,1.0
27,27,0.4915,10,2,1.0
28,28,0.4937,10,2,1.0
29,29,0.4914,10,2,1.0
30,30,0.4884,10,2,1.0
31,31,0.4888,10,2,1.0
32,32,0.4836,10,2,1.0
33,33,0.4861,10,2,1.0
34,34,0.4849,10,2,1.0
35,35,0.4787,10,2,1.0
36,36,0.4842,10,2,1.0
37,37,0.4736,10,2,1.0
38,38,0.4793,10,2,1.0
39,39,0.4814,10,2,1.0
40,40,0.4759,10,2,1.0
0,0,0.0524,1,5,0.0
1,1,0.133,1,5,0.0
2,2,0.2868,1,5,0.0
3,3,0.3876,1,5,0.0
4,4,0.4278,1,5,0.0
5,5,0.4457,1,5,0.0
6,6,0.4724,1,5,0.0
7,7,0.4802,1,5,0.0
8,8,0.4872,1,5,0.0
9,9,0.4939,1,5,0.0
10,10,0.5043,1,5,0.0
11,11,0.511,1,5,0.0
12,12,0.5143,1,5,0.0
13,13,0.5141,1,5,0.0
14,14,0.5125,1,5,0.0
15,15,0.5155,1,5,0.0
16,16,0.5147,1,5,0.0
17,17,0.5107,1,5,0.0
18,18,0.5139,1,5,0.0
19,19,0.5066,1,5,0.0
20,20,0.5052,1,5,0.0
21,21,0.4994,1,5,0.0
22,22,0.4973,1,5,0.0
23,23,0.4955,1,5,0.0
24,24,0.4959,1,5,0.0
25,25,0.491,1,5,0.0
26,26,0.4929,1,5,0.0
27,27,0.488,1,5,0.0
28,28,0.4892,1,5,0.0
29,29,0.4873,1,5,0.0
30,30,0.4901,1,5,0.0
31,31,0.4802,1,5,0.0
32,32,0.4854,1,5,0.0
33,33,0.4747,1,5,0.0
34,34,0.478,1,5,0.0
35,35,0.4819,1,5,0.0
36,36,0.4774,1,5,0.0
37,37,0.4745,1,5,0.0
38,38,0.4763,1,5,0.0
39,39,0.4757,1,5,0.0
40,40,0.4703,1,5,0.0
0,0,0.0406,100,3,2.0
1,1,0.2098,100,3,2.0
2,2,0.3506,100,3,2.0
3,3,0.4017,100,3,2.0
4,4,0.4426,100,3,2.0
5,5,0.4716,100,3,2.0
6,6,0.4827,100,3,2.0
7,7,0.4938,100,3,2.0
8,8,0.5011,100,3,2.0
9,9,0.5085,100,3,2.0
10,10,0.5075,100,3,2.0
11,11,0.5104,100,3,2.0
12,12,0.519,100,3,2.0
13,13,0.5152,100,3,2.0
14,14,0.5223,100,3,2.0
15,15,0.5194,100,3,2.0
16,16,0.5176,100,3,2.0
17,17,0.5176,100,3,2.0
18,18,0.5119,100,3,2.0
19,19,0.5121,100,3,2.0
20,20,0.5119,100,3,2.0
21,21,0.5099,100,3,2.0
22,22,0.5012,100,3,2.0
23,23,0.5021,100,3,2.0
24,24,0.5015,100,3,2.0
25,25,0.5008,100,3,2.0
26,26,0.5001,100,3,2.0
27,27,0.4955,100,3,2.0
28,28,0.4981,100,3,2.0
29,29,0.4956,100,3,2.0
30,30,0.4863,100,3,2.0
31,31,0.4879,100,3,2.0
32,32,0.4865,100,3,2.0
33,33,0.4896,100,3,2.0
34,34,0.4851,100,3,2.0
35,35,0.4859,100,3,2.0
36,36,0.4843,100,3,2.0
37,37,0.4844,100,3,2.0
38,38,0.478,100,3,2.0
39,39,0.4801,100,3,2.0
40,40,0.4786,100,3,2.0
0,0,0.0447,100,2,2.0
1,1,0.1928,100,2,2.0
2,2,0.3543,100,2,2.0
3,3,0.4012,100,2,2.0
4,4,0.4382,100,2,2.0
5,5,0.4617,100,2,2.0
6,6,0.4722,100,2,2.0
7,7,0.4866,100,2,2.0
8,8,0.4866,100,2,2.0
9,9,0.4996,100,2,2.0
10,10,0.5074,100,2,2.0
11,11,0.502,100,2,2.0
12,12,0.5101,100,2,2.0
13,13,0.5063,100,2,2.0
14,14,0.5091,100,2,2.0
15,15,0.5071,100,2,2.0
16,16,0.5018,100,2,2.0
17,17,0.5023,100,2,2.0
18,18,0.5014,100,2,2.0
19,19,0.4971,100,2,2.0
20,20,0.4961,100,2,2.0
21,21,0.49,100,2,2.0
22,22,0.487,100,2,2.0
23,23,0.4884,100,2,2.0
24,24,0.4872,100,2,2.0
25,25,0.4859,100,2,2.0
26,26,0.4832,100,2,2.0
27,27,0.481,100,2,2.0
28,28,0.4794,100,2,2.0
29,29,0.4807,100,2,2.0
30,30,0.4787,100,2,2.0
31,31,0.4778,100,2,2.0
32,32,0.4768,100,2,2.0
33,33,0.4775,100,2,2.0
34,34,0.479,100,2,2.0
35,35,0.475,100,2,2.0
36,36,0.4736,100,2,2.0
37,37,0.4711,100,2,2.0
38,38,0.4729,100,2,2.0
39,39,0.4744,100,2,2.0
40,40,0.4684,100,2,2.0
0,0,0.05,1,0,0.0
1,1,0.1477,1,0,0.0
2,2,0.2879,1,0,0.0
3,3,0.3598,1,0,0.0
4,4,0.3987,1,0,0.0
5,5,0.4234,1,0,0.0
6,6,0.4472,1,0,0.0
7,7,0.4639,1,0,0.0
8,8,0.4771,1,0,0.0
9,9,0.4785,1,0,0.0
10,10,0.493,1,0,0.0
11,11,0.4893,1,0,0.0
12,12,0.502,1,0,0.0
13,13,0.4943,1,0,0.0
14,14,0.4957,1,0,0.0
15,15,0.4998,1,0,0.0
16,16,0.4986,1,0,0.0
17,17,0.4916,1,0,0.0
18,18,0.4932,1,0,0.0
19,19,0.4935,1,0,0.0
20,20,0.4855,1,0,0.0
21,21,0.4916,1,0,0.0
22,22,0.4861,1,0,0.0
23,23,0.4827,1,0,0.0
24,24,0.4814,1,0,0.0
25,25,0.4788,1,0,0.0
26,26,0.4788,1,0,0.0
27,27,0.4797,1,0,0.0
28,28,0.4718,1,0,0.0
29,29,0.4748,1,0,0.0
30,30,0.4673,1,0,0.0
31,31,0.4684,1,0,0.0
32,32,0.4666,1,0,0.0
33,33,0.4692,1,0,0.0
34,34,0.4624,1,0,0.0
35,35,0.4639,1,0,0.0
36,36,0.4635,1,0,0.0
37,37,0.4644,1,0,0.0
38,38,0.4592,1,0,0.0
39,39,0.4602,1,0,0.0
40,40,0.4652,1,0,0.0
0,0,0.0512,100,5,2.0
1,1,0.1767,100,5,2.0
2,2,0.3191,100,5,2.0
3,3,0.3849,100,5,2.0
4,4,0.4264,100,5,2.0
5,5,0.4559,100,5,2.0
6,6,0.4708,100,5,2.0
7,7,0.4837,100,5,2.0
8,8,0.4956,100,5,2.0
9,9,0.5009,100,5,2.0
10,10,0.503,100,5,2.0
11,11,0.5057,100,5,2.0
12,12,0.5081,100,5,2.0
13,13,0.5114,100,5,2.0
14,14,0.5088,100,5,2.0
15,15,0.5057,100,5,2.0
16,16,0.505,100,5,2.0
17,17,0.507,100,5,2.0
18,18,0.5122,100,5,2.0
19,19,0.5019,100,5,2.0
20,20,0.5032,100,5,2.0
21,21,0.5003,100,5,2.0
22,22,0.4994,100,5,2.0
23,23,0.4944,100,5,2.0
24,24,0.4924,100,5,2.0
25,25,0.4901,100,5,2.0
26,26,0.4897,100,5,2.0
27,27,0.4902,100,5,2.0
28,28,0.4877,100,5,2.0
29,29,0.4868,100,5,2.0
30,30,0.4824,100,5,2.0
31,31,0.4787,100,5,2.0
32,32,0.4816,100,5,2.0
33,33,0.4794,100,5,2.0
34,34,0.4764,100,5,2.0
35,35,0.4727,100,5,2.0
36,36,0.4778,100,5,2.0
37,37,0.4745,100,5,2.0
38,38,0.47,100,5,2.0
39,39,0.4728,100,5,2.0
40,40,0.4714,100,5,2.0
0,0,0.0532,10,3,1.0
1,1,0.1845,10,3,1.0
2,2,0.3398,10,3,1.0
3,3,0.3995,10,3,1.0
4,4,0.4406,10,3,1.0
5,5,0.4661,10,3,1.0
6,6,0.4799,10,3,1.0
7,7,0.4936,10,3,1.0
8,8,0.4994,10,3,1.0
9,9,0.504,10,3,1.0
10,10,0.5095,10,3,1.0
11,11,0.5143,10,3,1.0
12,12,0.5153,10,3,1.0
13,13,0.5124,10,3,1.0
14,14,0.5108,10,3,1.0
15,15,0.5112,10,3,1.0
16,16,0.5041,10,3,1.0
17,17,0.5054,10,3,1.0
18,18,0.5036,10,3,1.0
19,19,0.4988,10,3,1.0
20,20,0.4986,10,3,1.0
21,21,0.5013,10,3,1.0
22,22,0.4947,10,3,1.0
23,23,0.4904,10,3,1.0
24,24,0.4867,10,3,1.0
25,25,0.485,10,3,1.0
26,26,0.4815,10,3,1.0
27,27,0.479,10,3,1.0
28,28,0.4802,10,3,1.0
29,29,0.4737,10,3,1.0
30,30,0.4724,10,3,1.0
31,31,0.4734,10,3,1.0
32,32,0.4668,10,3,1.0
33,33,0.4725,10,3,1.0
34,34,0.4683,10,3,1.0
35,35,0.4661,10,3,1.0
36,36,0.47,10,3,1.0
37,37,0.4642,10,3,1.0
38,38,0.4677,10,3,1.0
39,39,0.4636,10,3,1.0
40,40,0.4647,10,3,1.0
0,0,0.05,10,1,1.0
1,1,0.1444,10,1,1.0
2,2,0.3534,10,1,1.0
3,3,0.409,10,1,1.0
4,4,0.4447,10,1,1.0
5,5,0.4684,10,1,1.0
6,6,0.4833,10,1,1.0
7,7,0.4907,10,1,1.0
8,8,0.5018,10,1,1.0
9,9,0.5049,10,1,1.0
10,10,0.5114,10,1,1.0
11,11,0.5039,10,1,1.0
12,12,0.5117,10,1,1.0
13,13,0.507,10,1,1.0
14,14,0.5066,10,1,1.0
15,15,0.5104,10,1,1.0
16,16,0.5034,10,1,1.0
17,17,0.503,10,1,1.0
18,18,0.5062,10,1,1.0
19,19,0.5013,10,1,1.0
20,20,0.4985,10,1,1.0
21,21,0.4981,10,1,1.0
22,22,0.4923,10,1,1.0
23,23,0.4921,10,1,1.0
24,24,0.4893,10,1,1.0
25,25,0.4864,10,1,1.0
26,26,0.4854,10,1,1.0
27,27,0.487,10,1,1.0
28,28,0.4774,10,1,1.0
29,29,0.4832,10,1,1.0
30,30,0.4846,10,1,1.0
31,31,0.4757,10,1,1.0
32,32,0.4787,10,1,1.0
33,33,0.4793,10,1,1.0
34,34,0.4725,10,1,1.0
35,35,0.4704,10,1,1.0
36,36,0.4708,10,1,1.0
37,37,0.4766,10,1,1.0
38,38,0.4719,10,1,1.0
39,39,0.4756,10,1,1.0
40,40,0.4723,10,1,1.0
0,0,0.051,10,7,1.0
1,1,0.1802,10,7,1.0
2,2,0.34,10,7,1.0
3,3,0.3973,10,7,1.0
4,4,0.4381,10,7,1.0
5,5,0.4598,10,7,1.0
6,6,0.4779,10,7,1.0
7,7,0.4947,10,7,1.0
8,8,0.5001,10,7,1.0
9,9,0.5053,10,7,1.0
10,10,0.5087,10,7,1.0
11,11,0.5148,10,7,1.0
12,12,0.511,10,7,1.0
13,13,0.5116,10,7,1.0
14,14,0.5079,10,7,1.0
15,15,0.5108,10,7,1.0
16,16,0.5023,10,7,1.0
17,17,0.503,10,7,1.0
18,18,0.4993,10,7,1.0
19,19,0.4949,10,7,1.0
20,20,0.4929,10,7,1.0
21,21,0.4935,10,7,1.0
22,22,0.492,10,7,1.0
23,23,0.4895,10,7,1.0
24,24,0.4883,10,7,1.0
25,25,0.487,10,7,1.0
26,26,0.4841,10,7,1.0
27,27,0.4838,10,7,1.0
28,28,0.4816,10,7,1.0
29,29,0.4788,10,7,1.0
30,30,0.4788,10,7,1.0
31,31,0.4786,10,7,1.0
32,32,0.4775,10,7,1.0
33,33,0.4765,10,7,1.0
34,34,0.4743,10,7,1.0
35,35,0.4734,10,7,1.0
36,36,0.47,10,7,1.0
37,37,0.4738,10,7,1.0
38,38,0.4721,10,7,1.0
39,39,0.4734,10,7,1.0
40,40,0.4686,10,7,1.0
